29301001122, Tim Stewart, tim@timestewart.co.uk
29301001123, Jane Doe, jane.doe@example.com
29301001124, John Smith, john.smith@example.com
29301001125, Sarah Johnson, sarah.johnson@example.com
29301001126, Robert Brown, robert.brown@example.com
29301001127, Emily White, emily.white@example.com
29301001128, Michael Davis, michael.davis@example.com
29301001129, Linda Garcia, linda.garcia@example.com
29301001130, David Wilson, david.wilson@example.com
29301001131, Susan Martinez, susan.martinez@example.com
